{"cameraMode":{"drawMode":0,"name":"Shaded","section":"Shading Mode"},"sceneLighting":true,"audioPlay":false,"sceneViewState":{"m_AlwaysRefresh":false,"showFog":false,"showSkybox":false,"showFlares":true,"showImageEffects":true,"showParticleSystems":true,"showVisualEffectGraphs":true,"m_FxEnabled":true},"in2DMode":false,"pivot":{"x":34.92741012573242,"y":16.526092529296876,"z":-10.70208740234375},"rotation":{"x":0.15702688694000245,"y":0.03998143970966339,"z":-0.006362492218613625,"w":0.9867667555809021},"size":819.0115356445313,"orthographic":false}