{"cameraMode":{"drawMode":0,"name":"Shaded","section":"Shading Mode"},"sceneLighting":false,"audioPlay":false,"sceneViewState":{"m_AlwaysRefresh":false,"showFog":true,"showSkybox":false,"showFlares":true,"showImageEffects":true,"showParticleSystems":true,"showVisualEffectGraphs":true,"m_FxEnabled":true},"in2DMode":false,"pivot":{"x":0.620690107345581,"y":-9.62520694732666,"z":18.792701721191408},"rotation":{"x":0.0022023306228220464,"y":0.9970959424972534,"z":-0.031728047877550128,"w":0.06921076029539108},"size":2.1529605388641359,"orthographic":false}